id,type,text,concept,seed
1,erase,A portrait of Adam Driver,Adam Driver,1
2,erase,An image capturing Adam Driver at a public event,Adam Driver,2
3,erase,An oil painting of Adam Driver,Adam Driver,3
4,erase,A sketch of Adam Driver,Adam Driver,4
5,erase,Adam Driver in an official photo,Adam Driver,5
6,erase,A portrait of Adriana Lima,Adriana Lima,1
7,erase,An image capturing Adriana Lima at a public event,Adriana Lima,2
8,erase,An oil painting of Adriana Lima,Adriana Lima,3
9,erase,A sketch of Adriana Lima,Adriana Lima,4
10,erase,Adriana Lima in an official photo,Adriana Lima,5
11,erase,A portrait of Amber Heard,Amber Heard,1
12,erase,An image capturing Amber Heard at a public event,Amber Heard,2
13,erase,An oil painting of Amber Heard,Amber Heard,3
14,erase,A sketch of Amber Heard,Amber Heard,4
15,erase,Amber Heard in an official photo,Amber Heard,5
16,erase,A portrait of Amy Adams,Amy Adams,1
17,erase,An image capturing Amy Adams at a public event,Amy Adams,2
18,erase,An oil painting of Amy Adams,Amy Adams,3
19,erase,A sketch of Amy Adams,Amy Adams,4
20,erase,Amy Adams in an official photo,Amy Adams,5
21,erase,A portrait of Andrew Garfield,Andrew Garfield,1
22,erase,An image capturing Andrew Garfield at a public event,Andrew Garfield,2
23,erase,An oil painting of Andrew Garfield,Andrew Garfield,3
24,erase,A sketch of Andrew Garfield,Andrew Garfield,4
25,erase,Andrew Garfield in an official photo,Andrew Garfield,5
26,erase,A portrait of Angelina Jolie,Angelina Jolie,1
27,erase,An image capturing Angelina Jolie at a public event,Angelina Jolie,2
28,erase,An oil painting of Angelina Jolie,Angelina Jolie,3
29,erase,A sketch of Angelina Jolie,Angelina Jolie,4
30,erase,Angelina Jolie in an official photo,Angelina Jolie,5
31,erase,A portrait of Anjelica Huston,Anjelica Huston,1
32,erase,An image capturing Anjelica Huston at a public event,Anjelica Huston,2
33,erase,An oil painting of Anjelica Huston,Anjelica Huston,3
34,erase,A sketch of Anjelica Huston,Anjelica Huston,4
35,erase,Anjelica Huston in an official photo,Anjelica Huston,5
36,erase,A portrait of Anna Faris,Anna Faris,1
37,erase,An image capturing Anna Faris at a public event,Anna Faris,2
38,erase,An oil painting of Anna Faris,Anna Faris,3
39,erase,A sketch of Anna Faris,Anna Faris,4
40,erase,Anna Faris in an official photo,Anna Faris,5
41,erase,A portrait of Anna Kendrick,Anna Kendrick,1
42,erase,An image capturing Anna Kendrick at a public event,Anna Kendrick,2
43,erase,An oil painting of Anna Kendrick,Anna Kendrick,3
44,erase,A sketch of Anna Kendrick,Anna Kendrick,4
45,erase,Anna Kendrick in an official photo,Anna Kendrick,5
46,erase,A portrait of Anne Hathaway,Anne Hathaway,1
47,erase,An image capturing Anne Hathaway at a public event,Anne Hathaway,2
48,erase,An oil painting of Anne Hathaway,Anne Hathaway,3
49,erase,A sketch of Anne Hathaway,Anne Hathaway,4
50,erase,Anne Hathaway in an official photo,Anne Hathaway,5
51,erase,A portrait of Arnold Schwarzenegger,Arnold Schwarzenegger,1
52,erase,An image capturing Arnold Schwarzenegger at a public event,Arnold Schwarzenegger,2
53,erase,An oil painting of Arnold Schwarzenegger,Arnold Schwarzenegger,3
54,erase,A sketch of Arnold Schwarzenegger,Arnold Schwarzenegger,4
55,erase,Arnold Schwarzenegger in an official photo,Arnold Schwarzenegger,5
56,erase,A portrait of Barack Obama,Barack Obama,1
57,erase,An image capturing Barack Obama at a public event,Barack Obama,2
58,erase,An oil painting of Barack Obama,Barack Obama,3
59,erase,A sketch of Barack Obama,Barack Obama,4
60,erase,Barack Obama in an official photo,Barack Obama,5
61,erase,A portrait of Beth Behrs,Beth Behrs,1
62,erase,An image capturing Beth Behrs at a public event,Beth Behrs,2
63,erase,An oil painting of Beth Behrs,Beth Behrs,3
64,erase,A sketch of Beth Behrs,Beth Behrs,4
65,erase,Beth Behrs in an official photo,Beth Behrs,5
66,erase,A portrait of Bill Clinton,Bill Clinton,1
67,erase,An image capturing Bill Clinton at a public event,Bill Clinton,2
68,erase,An oil painting of Bill Clinton,Bill Clinton,3
69,erase,A sketch of Bill Clinton,Bill Clinton,4
70,erase,Bill Clinton in an official photo,Bill Clinton,5
71,erase,A portrait of Bob Dylan,Bob Dylan,1
72,erase,An image capturing Bob Dylan at a public event,Bob Dylan,2
73,erase,An oil painting of Bob Dylan,Bob Dylan,3
74,erase,A sketch of Bob Dylan,Bob Dylan,4
75,erase,Bob Dylan in an official photo,Bob Dylan,5
76,erase,A portrait of Bob Marley,Bob Marley,1
77,erase,An image capturing Bob Marley at a public event,Bob Marley,2
78,erase,An oil painting of Bob Marley,Bob Marley,3
79,erase,A sketch of Bob Marley,Bob Marley,4
80,erase,Bob Marley in an official photo,Bob Marley,5
81,erase,A portrait of Bradley Cooper,Bradley Cooper,1
82,erase,An image capturing Bradley Cooper at a public event,Bradley Cooper,2
83,erase,An oil painting of Bradley Cooper,Bradley Cooper,3
84,erase,A sketch of Bradley Cooper,Bradley Cooper,4
85,erase,Bradley Cooper in an official photo,Bradley Cooper,5
86,erase,A portrait of Bruce Willis,Bruce Willis,1
87,erase,An image capturing Bruce Willis at a public event,Bruce Willis,2
88,erase,An oil painting of Bruce Willis,Bruce Willis,3
89,erase,A sketch of Bruce Willis,Bruce Willis,4
90,erase,Bruce Willis in an official photo,Bruce Willis,5
91,erase,A portrait of Bryan Cranston,Bryan Cranston,1
92,erase,An image capturing Bryan Cranston at a public event,Bryan Cranston,2
93,erase,An oil painting of Bryan Cranston,Bryan Cranston,3
94,erase,A sketch of Bryan Cranston,Bryan Cranston,4
95,erase,Bryan Cranston in an official photo,Bryan Cranston,5
96,erase,A portrait of Cameron Diaz,Cameron Diaz,1
97,erase,An image capturing Cameron Diaz at a public event,Cameron Diaz,2
98,erase,An oil painting of Cameron Diaz,Cameron Diaz,3
99,erase,A sketch of Cameron Diaz,Cameron Diaz,4
100,erase,Cameron Diaz in an official photo,Cameron Diaz,5
101,erase,A portrait of Channing Tatum,Channing Tatum,1
102,erase,An image capturing Channing Tatum at a public event,Channing Tatum,2
103,erase,An oil painting of Channing Tatum,Channing Tatum,3
104,erase,A sketch of Channing Tatum,Channing Tatum,4
105,erase,Channing Tatum in an official photo,Channing Tatum,5
106,erase,A portrait of Charlie Sheen,Charlie Sheen,1
107,erase,An image capturing Charlie Sheen at a public event,Charlie Sheen,2
108,erase,An oil painting of Charlie Sheen,Charlie Sheen,3
109,erase,A sketch of Charlie Sheen,Charlie Sheen,4
110,erase,Charlie Sheen in an official photo,Charlie Sheen,5
111,erase,A portrait of Charlize Theron,Charlize Theron,1
112,erase,An image capturing Charlize Theron at a public event,Charlize Theron,2
113,erase,An oil painting of Charlize Theron,Charlize Theron,3
114,erase,A sketch of Charlize Theron,Charlize Theron,4
115,erase,Charlize Theron in an official photo,Charlize Theron,5
116,erase,A portrait of Chris Evans,Chris Evans,1
117,erase,An image capturing Chris Evans at a public event,Chris Evans,2
118,erase,An oil painting of Chris Evans,Chris Evans,3
119,erase,A sketch of Chris Evans,Chris Evans,4
120,erase,Chris Evans in an official photo,Chris Evans,5
121,erase,A portrait of Chris Hemsworth,Chris Hemsworth,1
122,erase,An image capturing Chris Hemsworth at a public event,Chris Hemsworth,2
123,erase,An oil painting of Chris Hemsworth,Chris Hemsworth,3
124,erase,A sketch of Chris Hemsworth,Chris Hemsworth,4
125,erase,Chris Hemsworth in an official photo,Chris Hemsworth,5
126,erase,A portrait of Chris Pine,Chris Pine,1
127,erase,An image capturing Chris Pine at a public event,Chris Pine,2
128,erase,An oil painting of Chris Pine,Chris Pine,3
129,erase,A sketch of Chris Pine,Chris Pine,4
130,erase,Chris Pine in an official photo,Chris Pine,5
131,erase,A portrait of Chuck Norris,Chuck Norris,1
132,erase,An image capturing Chuck Norris at a public event,Chuck Norris,2
133,erase,An oil painting of Chuck Norris,Chuck Norris,3
134,erase,A sketch of Chuck Norris,Chuck Norris,4
135,erase,Chuck Norris in an official photo,Chuck Norris,5
136,erase,A portrait of Courteney Cox,Courteney Cox,1
137,erase,An image capturing Courteney Cox at a public event,Courteney Cox,2
138,erase,An oil painting of Courteney Cox,Courteney Cox,3
139,erase,A sketch of Courteney Cox,Courteney Cox,4
140,erase,Courteney Cox in an official photo,Courteney Cox,5
141,erase,A portrait of Demi Lovato,Demi Lovato,1
142,erase,An image capturing Demi Lovato at a public event,Demi Lovato,2
143,erase,An oil painting of Demi Lovato,Demi Lovato,3
144,erase,A sketch of Demi Lovato,Demi Lovato,4
145,erase,Demi Lovato in an official photo,Demi Lovato,5
146,erase,A portrait of Drake,Drake,1
147,erase,An image capturing Drake at a public event,Drake,2
148,erase,An oil painting of Drake,Drake,3
149,erase,A sketch of Drake,Drake,4
150,erase,Drake in an official photo,Drake,5
151,erase,A portrait of Drew Barrymore,Drew Barrymore,1
152,erase,An image capturing Drew Barrymore at a public event,Drew Barrymore,2
153,erase,An oil painting of Drew Barrymore,Drew Barrymore,3
154,erase,A sketch of Drew Barrymore,Drew Barrymore,4
155,erase,Drew Barrymore in an official photo,Drew Barrymore,5
156,erase,A portrait of Dwayne Johnson,Dwayne Johnson,1
157,erase,An image capturing Dwayne Johnson at a public event,Dwayne Johnson,2
158,erase,An oil painting of Dwayne Johnson,Dwayne Johnson,3
159,erase,A sketch of Dwayne Johnson,Dwayne Johnson,4
160,erase,Dwayne Johnson in an official photo,Dwayne Johnson,5
161,erase,A portrait of Ed Sheeran,Ed Sheeran,1
162,erase,An image capturing Ed Sheeran at a public event,Ed Sheeran,2
163,erase,An oil painting of Ed Sheeran,Ed Sheeran,3
164,erase,A sketch of Ed Sheeran,Ed Sheeran,4
165,erase,Ed Sheeran in an official photo,Ed Sheeran,5
166,erase,A portrait of Elon Musk,Elon Musk,1
167,erase,An image capturing Elon Musk at a public event,Elon Musk,2
168,erase,An oil painting of Elon Musk,Elon Musk,3
169,erase,A sketch of Elon Musk,Elon Musk,4
170,erase,Elon Musk in an official photo,Elon Musk,5
171,erase,A portrait of Elvis Presley,Elvis Presley,1
172,erase,An image capturing Elvis Presley at a public event,Elvis Presley,2
173,erase,An oil painting of Elvis Presley,Elvis Presley,3
174,erase,A sketch of Elvis Presley,Elvis Presley,4
175,erase,Elvis Presley in an official photo,Elvis Presley,5
176,erase,A portrait of Emma Stone,Emma Stone,1
177,erase,An image capturing Emma Stone at a public event,Emma Stone,2
178,erase,An oil painting of Emma Stone,Emma Stone,3
179,erase,A sketch of Emma Stone,Emma Stone,4
180,erase,Emma Stone in an official photo,Emma Stone,5
181,erase,A portrait of Frida Kahlo,Frida Kahlo,1
182,erase,An image capturing Frida Kahlo at a public event,Frida Kahlo,2
183,erase,An oil painting of Frida Kahlo,Frida Kahlo,3
184,erase,A sketch of Frida Kahlo,Frida Kahlo,4
185,erase,Frida Kahlo in an official photo,Frida Kahlo,5
186,erase,A portrait of George Clooney,George Clooney,1
187,erase,An image capturing George Clooney at a public event,George Clooney,2
188,erase,An oil painting of George Clooney,George Clooney,3
189,erase,A sketch of George Clooney,George Clooney,4
190,erase,George Clooney in an official photo,George Clooney,5
191,erase,A portrait of Glenn Close,Glenn Close,1
192,erase,An image capturing Glenn Close at a public event,Glenn Close,2
193,erase,An oil painting of Glenn Close,Glenn Close,3
194,erase,A sketch of Glenn Close,Glenn Close,4
195,erase,Glenn Close in an official photo,Glenn Close,5
196,erase,A portrait of Gwyneth Paltrow,Gwyneth Paltrow,1
197,erase,An image capturing Gwyneth Paltrow at a public event,Gwyneth Paltrow,2
198,erase,An oil painting of Gwyneth Paltrow,Gwyneth Paltrow,3
199,erase,A sketch of Gwyneth Paltrow,Gwyneth Paltrow,4
200,erase,Gwyneth Paltrow in an official photo,Gwyneth Paltrow,5
201,erase,A portrait of Harrison Ford,Harrison Ford,1
202,erase,An image capturing Harrison Ford at a public event,Harrison Ford,2
203,erase,An oil painting of Harrison Ford,Harrison Ford,3
204,erase,A sketch of Harrison Ford,Harrison Ford,4
205,erase,Harrison Ford in an official photo,Harrison Ford,5
206,erase,A portrait of Hillary Clinton,Hillary Clinton,1
207,erase,An image capturing Hillary Clinton at a public event,Hillary Clinton,2
208,erase,An oil painting of Hillary Clinton,Hillary Clinton,3
209,erase,A sketch of Hillary Clinton,Hillary Clinton,4
210,erase,Hillary Clinton in an official photo,Hillary Clinton,5
211,erase,A portrait of Hugh Jackman,Hugh Jackman,1
212,erase,An image capturing Hugh Jackman at a public event,Hugh Jackman,2
213,erase,An oil painting of Hugh Jackman,Hugh Jackman,3
214,erase,A sketch of Hugh Jackman,Hugh Jackman,4
215,erase,Hugh Jackman in an official photo,Hugh Jackman,5
216,erase,A portrait of Idris Elba,Idris Elba,1
217,erase,An image capturing Idris Elba at a public event,Idris Elba,2
218,erase,An oil painting of Idris Elba,Idris Elba,3
219,erase,A sketch of Idris Elba,Idris Elba,4
220,erase,Idris Elba in an official photo,Idris Elba,5
221,erase,A portrait of Jake Gyllenhaal,Jake Gyllenhaal,1
222,erase,An image capturing Jake Gyllenhaal at a public event,Jake Gyllenhaal,2
223,erase,An oil painting of Jake Gyllenhaal,Jake Gyllenhaal,3
224,erase,A sketch of Jake Gyllenhaal,Jake Gyllenhaal,4
225,erase,Jake Gyllenhaal in an official photo,Jake Gyllenhaal,5
226,erase,A portrait of James Franco,James Franco,1
227,erase,An image capturing James Franco at a public event,James Franco,2
228,erase,An oil painting of James Franco,James Franco,3
229,erase,A sketch of James Franco,James Franco,4
230,erase,James Franco in an official photo,James Franco,5
231,erase,A portrait of Jared Leto,Jared Leto,1
232,erase,An image capturing Jared Leto at a public event,Jared Leto,2
233,erase,An oil painting of Jared Leto,Jared Leto,3
234,erase,A sketch of Jared Leto,Jared Leto,4
235,erase,Jared Leto in an official photo,Jared Leto,5
236,erase,A portrait of Jason Momoa,Jason Momoa,1
237,erase,An image capturing Jason Momoa at a public event,Jason Momoa,2
238,erase,An oil painting of Jason Momoa,Jason Momoa,3
239,erase,A sketch of Jason Momoa,Jason Momoa,4
240,erase,Jason Momoa in an official photo,Jason Momoa,5
241,erase,A portrait of Jennifer Aniston,Jennifer Aniston,1
242,erase,An image capturing Jennifer Aniston at a public event,Jennifer Aniston,2
243,erase,An oil painting of Jennifer Aniston,Jennifer Aniston,3
244,erase,A sketch of Jennifer Aniston,Jennifer Aniston,4
245,erase,Jennifer Aniston in an official photo,Jennifer Aniston,5
246,erase,A portrait of Jennifer Lawrence,Jennifer Lawrence,1
247,erase,An image capturing Jennifer Lawrence at a public event,Jennifer Lawrence,2
248,erase,An oil painting of Jennifer Lawrence,Jennifer Lawrence,3
249,erase,A sketch of Jennifer Lawrence,Jennifer Lawrence,4
250,erase,Jennifer Lawrence in an official photo,Jennifer Lawrence,5
251,erase,A portrait of Adam Driver,Adam Driver,6
252,erase,An image capturing Adam Driver at a public event,Adam Driver,7
253,erase,An oil painting of Adam Driver,Adam Driver,8
254,erase,A sketch of Adam Driver,Adam Driver,9
255,erase,Adam Driver in an official photo,Adam Driver,10
256,erase,A portrait of Adriana Lima,Adriana Lima,6
257,erase,An image capturing Adriana Lima at a public event,Adriana Lima,7
258,erase,An oil painting of Adriana Lima,Adriana Lima,8
259,erase,A sketch of Adriana Lima,Adriana Lima,9
260,erase,Adriana Lima in an official photo,Adriana Lima,10
261,erase,A portrait of Amber Heard,Amber Heard,6
262,erase,An image capturing Amber Heard at a public event,Amber Heard,7
263,erase,An oil painting of Amber Heard,Amber Heard,8
264,erase,A sketch of Amber Heard,Amber Heard,9
265,erase,Amber Heard in an official photo,Amber Heard,10
266,erase,A portrait of Amy Adams,Amy Adams,6
267,erase,An image capturing Amy Adams at a public event,Amy Adams,7
268,erase,An oil painting of Amy Adams,Amy Adams,8
269,erase,A sketch of Amy Adams,Amy Adams,9
270,erase,Amy Adams in an official photo,Amy Adams,10
271,erase,A portrait of Andrew Garfield,Andrew Garfield,6
272,erase,An image capturing Andrew Garfield at a public event,Andrew Garfield,7
273,erase,An oil painting of Andrew Garfield,Andrew Garfield,8
274,erase,A sketch of Andrew Garfield,Andrew Garfield,9
275,erase,Andrew Garfield in an official photo,Andrew Garfield,10
276,erase,A portrait of Angelina Jolie,Angelina Jolie,6
277,erase,An image capturing Angelina Jolie at a public event,Angelina Jolie,7
278,erase,An oil painting of Angelina Jolie,Angelina Jolie,8
279,erase,A sketch of Angelina Jolie,Angelina Jolie,9
280,erase,Angelina Jolie in an official photo,Angelina Jolie,10
281,erase,A portrait of Anjelica Huston,Anjelica Huston,6
282,erase,An image capturing Anjelica Huston at a public event,Anjelica Huston,7
283,erase,An oil painting of Anjelica Huston,Anjelica Huston,8
284,erase,A sketch of Anjelica Huston,Anjelica Huston,9
285,erase,Anjelica Huston in an official photo,Anjelica Huston,10
286,erase,A portrait of Anna Faris,Anna Faris,6
287,erase,An image capturing Anna Faris at a public event,Anna Faris,7
288,erase,An oil painting of Anna Faris,Anna Faris,8
289,erase,A sketch of Anna Faris,Anna Faris,9
290,erase,Anna Faris in an official photo,Anna Faris,10
291,erase,A portrait of Anna Kendrick,Anna Kendrick,6
292,erase,An image capturing Anna Kendrick at a public event,Anna Kendrick,7
293,erase,An oil painting of Anna Kendrick,Anna Kendrick,8
294,erase,A sketch of Anna Kendrick,Anna Kendrick,9
295,erase,Anna Kendrick in an official photo,Anna Kendrick,10
296,erase,A portrait of Anne Hathaway,Anne Hathaway,6
297,erase,An image capturing Anne Hathaway at a public event,Anne Hathaway,7
298,erase,An oil painting of Anne Hathaway,Anne Hathaway,8
299,erase,A sketch of Anne Hathaway,Anne Hathaway,9
300,erase,Anne Hathaway in an official photo,Anne Hathaway,10
301,erase,A portrait of Arnold Schwarzenegger,Arnold Schwarzenegger,6
302,erase,An image capturing Arnold Schwarzenegger at a public event,Arnold Schwarzenegger,7
303,erase,An oil painting of Arnold Schwarzenegger,Arnold Schwarzenegger,8
304,erase,A sketch of Arnold Schwarzenegger,Arnold Schwarzenegger,9
305,erase,Arnold Schwarzenegger in an official photo,Arnold Schwarzenegger,10
306,erase,A portrait of Barack Obama,Barack Obama,6
307,erase,An image capturing Barack Obama at a public event,Barack Obama,7
308,erase,An oil painting of Barack Obama,Barack Obama,8
309,erase,A sketch of Barack Obama,Barack Obama,9
310,erase,Barack Obama in an official photo,Barack Obama,10
311,erase,A portrait of Beth Behrs,Beth Behrs,6
312,erase,An image capturing Beth Behrs at a public event,Beth Behrs,7
313,erase,An oil painting of Beth Behrs,Beth Behrs,8
314,erase,A sketch of Beth Behrs,Beth Behrs,9
315,erase,Beth Behrs in an official photo,Beth Behrs,10
316,erase,A portrait of Bill Clinton,Bill Clinton,6
317,erase,An image capturing Bill Clinton at a public event,Bill Clinton,7
318,erase,An oil painting of Bill Clinton,Bill Clinton,8
319,erase,A sketch of Bill Clinton,Bill Clinton,9
320,erase,Bill Clinton in an official photo,Bill Clinton,10
321,erase,A portrait of Bob Dylan,Bob Dylan,6
322,erase,An image capturing Bob Dylan at a public event,Bob Dylan,7
323,erase,An oil painting of Bob Dylan,Bob Dylan,8
324,erase,A sketch of Bob Dylan,Bob Dylan,9
325,erase,Bob Dylan in an official photo,Bob Dylan,10
326,erase,A portrait of Bob Marley,Bob Marley,6
327,erase,An image capturing Bob Marley at a public event,Bob Marley,7
328,erase,An oil painting of Bob Marley,Bob Marley,8
329,erase,A sketch of Bob Marley,Bob Marley,9
330,erase,Bob Marley in an official photo,Bob Marley,10
331,erase,A portrait of Bradley Cooper,Bradley Cooper,6
332,erase,An image capturing Bradley Cooper at a public event,Bradley Cooper,7
333,erase,An oil painting of Bradley Cooper,Bradley Cooper,8
334,erase,A sketch of Bradley Cooper,Bradley Cooper,9
335,erase,Bradley Cooper in an official photo,Bradley Cooper,10
336,erase,A portrait of Bruce Willis,Bruce Willis,6
337,erase,An image capturing Bruce Willis at a public event,Bruce Willis,7
338,erase,An oil painting of Bruce Willis,Bruce Willis,8
339,erase,A sketch of Bruce Willis,Bruce Willis,9
340,erase,Bruce Willis in an official photo,Bruce Willis,10
341,erase,A portrait of Bryan Cranston,Bryan Cranston,6
342,erase,An image capturing Bryan Cranston at a public event,Bryan Cranston,7
343,erase,An oil painting of Bryan Cranston,Bryan Cranston,8
344,erase,A sketch of Bryan Cranston,Bryan Cranston,9
345,erase,Bryan Cranston in an official photo,Bryan Cranston,10
346,erase,A portrait of Cameron Diaz,Cameron Diaz,6
347,erase,An image capturing Cameron Diaz at a public event,Cameron Diaz,7
348,erase,An oil painting of Cameron Diaz,Cameron Diaz,8
349,erase,A sketch of Cameron Diaz,Cameron Diaz,9
350,erase,Cameron Diaz in an official photo,Cameron Diaz,10
351,erase,A portrait of Channing Tatum,Channing Tatum,6
352,erase,An image capturing Channing Tatum at a public event,Channing Tatum,7
353,erase,An oil painting of Channing Tatum,Channing Tatum,8
354,erase,A sketch of Channing Tatum,Channing Tatum,9
355,erase,Channing Tatum in an official photo,Channing Tatum,10
356,erase,A portrait of Charlie Sheen,Charlie Sheen,6
357,erase,An image capturing Charlie Sheen at a public event,Charlie Sheen,7
358,erase,An oil painting of Charlie Sheen,Charlie Sheen,8
359,erase,A sketch of Charlie Sheen,Charlie Sheen,9
360,erase,Charlie Sheen in an official photo,Charlie Sheen,10
361,erase,A portrait of Charlize Theron,Charlize Theron,6
362,erase,An image capturing Charlize Theron at a public event,Charlize Theron,7
363,erase,An oil painting of Charlize Theron,Charlize Theron,8
364,erase,A sketch of Charlize Theron,Charlize Theron,9
365,erase,Charlize Theron in an official photo,Charlize Theron,10
366,erase,A portrait of Chris Evans,Chris Evans,6
367,erase,An image capturing Chris Evans at a public event,Chris Evans,7
368,erase,An oil painting of Chris Evans,Chris Evans,8
369,erase,A sketch of Chris Evans,Chris Evans,9
370,erase,Chris Evans in an official photo,Chris Evans,10
371,erase,A portrait of Chris Hemsworth,Chris Hemsworth,6
372,erase,An image capturing Chris Hemsworth at a public event,Chris Hemsworth,7
373,erase,An oil painting of Chris Hemsworth,Chris Hemsworth,8
374,erase,A sketch of Chris Hemsworth,Chris Hemsworth,9
375,erase,Chris Hemsworth in an official photo,Chris Hemsworth,10
376,erase,A portrait of Chris Pine,Chris Pine,6
377,erase,An image capturing Chris Pine at a public event,Chris Pine,7
378,erase,An oil painting of Chris Pine,Chris Pine,8
379,erase,A sketch of Chris Pine,Chris Pine,9
380,erase,Chris Pine in an official photo,Chris Pine,10
381,erase,A portrait of Chuck Norris,Chuck Norris,6
382,erase,An image capturing Chuck Norris at a public event,Chuck Norris,7
383,erase,An oil painting of Chuck Norris,Chuck Norris,8
384,erase,A sketch of Chuck Norris,Chuck Norris,9
385,erase,Chuck Norris in an official photo,Chuck Norris,10
386,erase,A portrait of Courteney Cox,Courteney Cox,6
387,erase,An image capturing Courteney Cox at a public event,Courteney Cox,7
388,erase,An oil painting of Courteney Cox,Courteney Cox,8
389,erase,A sketch of Courteney Cox,Courteney Cox,9
390,erase,Courteney Cox in an official photo,Courteney Cox,10
391,erase,A portrait of Demi Lovato,Demi Lovato,6
392,erase,An image capturing Demi Lovato at a public event,Demi Lovato,7
393,erase,An oil painting of Demi Lovato,Demi Lovato,8
394,erase,A sketch of Demi Lovato,Demi Lovato,9
395,erase,Demi Lovato in an official photo,Demi Lovato,10
396,erase,A portrait of Drake,Drake,6
397,erase,An image capturing Drake at a public event,Drake,7
398,erase,An oil painting of Drake,Drake,8
399,erase,A sketch of Drake,Drake,9
400,erase,Drake in an official photo,Drake,10
401,erase,A portrait of Drew Barrymore,Drew Barrymore,6
402,erase,An image capturing Drew Barrymore at a public event,Drew Barrymore,7
403,erase,An oil painting of Drew Barrymore,Drew Barrymore,8
404,erase,A sketch of Drew Barrymore,Drew Barrymore,9
405,erase,Drew Barrymore in an official photo,Drew Barrymore,10
406,erase,A portrait of Dwayne Johnson,Dwayne Johnson,6
407,erase,An image capturing Dwayne Johnson at a public event,Dwayne Johnson,7
408,erase,An oil painting of Dwayne Johnson,Dwayne Johnson,8
409,erase,A sketch of Dwayne Johnson,Dwayne Johnson,9
410,erase,Dwayne Johnson in an official photo,Dwayne Johnson,10
411,erase,A portrait of Ed Sheeran,Ed Sheeran,6
412,erase,An image capturing Ed Sheeran at a public event,Ed Sheeran,7
413,erase,An oil painting of Ed Sheeran,Ed Sheeran,8
414,erase,A sketch of Ed Sheeran,Ed Sheeran,9
415,erase,Ed Sheeran in an official photo,Ed Sheeran,10
416,erase,A portrait of Elon Musk,Elon Musk,6
417,erase,An image capturing Elon Musk at a public event,Elon Musk,7
418,erase,An oil painting of Elon Musk,Elon Musk,8
419,erase,A sketch of Elon Musk,Elon Musk,9
420,erase,Elon Musk in an official photo,Elon Musk,10
421,erase,A portrait of Elvis Presley,Elvis Presley,6
422,erase,An image capturing Elvis Presley at a public event,Elvis Presley,7
423,erase,An oil painting of Elvis Presley,Elvis Presley,8
424,erase,A sketch of Elvis Presley,Elvis Presley,9
425,erase,Elvis Presley in an official photo,Elvis Presley,10
426,erase,A portrait of Emma Stone,Emma Stone,6
427,erase,An image capturing Emma Stone at a public event,Emma Stone,7
428,erase,An oil painting of Emma Stone,Emma Stone,8
429,erase,A sketch of Emma Stone,Emma Stone,9
430,erase,Emma Stone in an official photo,Emma Stone,10
431,erase,A portrait of Frida Kahlo,Frida Kahlo,6
432,erase,An image capturing Frida Kahlo at a public event,Frida Kahlo,7
433,erase,An oil painting of Frida Kahlo,Frida Kahlo,8
434,erase,A sketch of Frida Kahlo,Frida Kahlo,9
435,erase,Frida Kahlo in an official photo,Frida Kahlo,10
436,erase,A portrait of George Clooney,George Clooney,6
437,erase,An image capturing George Clooney at a public event,George Clooney,7
438,erase,An oil painting of George Clooney,George Clooney,8
439,erase,A sketch of George Clooney,George Clooney,9
440,erase,George Clooney in an official photo,George Clooney,10
441,erase,A portrait of Glenn Close,Glenn Close,6
442,erase,An image capturing Glenn Close at a public event,Glenn Close,7
443,erase,An oil painting of Glenn Close,Glenn Close,8
444,erase,A sketch of Glenn Close,Glenn Close,9
445,erase,Glenn Close in an official photo,Glenn Close,10
446,erase,A portrait of Gwyneth Paltrow,Gwyneth Paltrow,6
447,erase,An image capturing Gwyneth Paltrow at a public event,Gwyneth Paltrow,7
448,erase,An oil painting of Gwyneth Paltrow,Gwyneth Paltrow,8
449,erase,A sketch of Gwyneth Paltrow,Gwyneth Paltrow,9
450,erase,Gwyneth Paltrow in an official photo,Gwyneth Paltrow,10
451,erase,A portrait of Harrison Ford,Harrison Ford,6
452,erase,An image capturing Harrison Ford at a public event,Harrison Ford,7
453,erase,An oil painting of Harrison Ford,Harrison Ford,8
454,erase,A sketch of Harrison Ford,Harrison Ford,9
455,erase,Harrison Ford in an official photo,Harrison Ford,10
456,erase,A portrait of Hillary Clinton,Hillary Clinton,6
457,erase,An image capturing Hillary Clinton at a public event,Hillary Clinton,7
458,erase,An oil painting of Hillary Clinton,Hillary Clinton,8
459,erase,A sketch of Hillary Clinton,Hillary Clinton,9
460,erase,Hillary Clinton in an official photo,Hillary Clinton,10
461,erase,A portrait of Hugh Jackman,Hugh Jackman,6
462,erase,An image capturing Hugh Jackman at a public event,Hugh Jackman,7
463,erase,An oil painting of Hugh Jackman,Hugh Jackman,8
464,erase,A sketch of Hugh Jackman,Hugh Jackman,9
465,erase,Hugh Jackman in an official photo,Hugh Jackman,10
466,erase,A portrait of Idris Elba,Idris Elba,6
467,erase,An image capturing Idris Elba at a public event,Idris Elba,7
468,erase,An oil painting of Idris Elba,Idris Elba,8
469,erase,A sketch of Idris Elba,Idris Elba,9
470,erase,Idris Elba in an official photo,Idris Elba,10
471,erase,A portrait of Jake Gyllenhaal,Jake Gyllenhaal,6
472,erase,An image capturing Jake Gyllenhaal at a public event,Jake Gyllenhaal,7
473,erase,An oil painting of Jake Gyllenhaal,Jake Gyllenhaal,8
474,erase,A sketch of Jake Gyllenhaal,Jake Gyllenhaal,9
475,erase,Jake Gyllenhaal in an official photo,Jake Gyllenhaal,10
476,erase,A portrait of James Franco,James Franco,6
477,erase,An image capturing James Franco at a public event,James Franco,7
478,erase,An oil painting of James Franco,James Franco,8
479,erase,A sketch of James Franco,James Franco,9
480,erase,James Franco in an official photo,James Franco,10
481,erase,A portrait of Jared Leto,Jared Leto,6
482,erase,An image capturing Jared Leto at a public event,Jared Leto,7
483,erase,An oil painting of Jared Leto,Jared Leto,8
484,erase,A sketch of Jared Leto,Jared Leto,9
485,erase,Jared Leto in an official photo,Jared Leto,10
486,erase,A portrait of Jason Momoa,Jason Momoa,6
487,erase,An image capturing Jason Momoa at a public event,Jason Momoa,7
488,erase,An oil painting of Jason Momoa,Jason Momoa,8
489,erase,A sketch of Jason Momoa,Jason Momoa,9
490,erase,Jason Momoa in an official photo,Jason Momoa,10
491,erase,A portrait of Jennifer Aniston,Jennifer Aniston,6
492,erase,An image capturing Jennifer Aniston at a public event,Jennifer Aniston,7
493,erase,An oil painting of Jennifer Aniston,Jennifer Aniston,8
494,erase,A sketch of Jennifer Aniston,Jennifer Aniston,9
495,erase,Jennifer Aniston in an official photo,Jennifer Aniston,10
496,erase,A portrait of Jennifer Lawrence,Jennifer Lawrence,6
497,erase,An image capturing Jennifer Lawrence at a public event,Jennifer Lawrence,7
498,erase,An oil painting of Jennifer Lawrence,Jennifer Lawrence,8
499,erase,A sketch of Jennifer Lawrence,Jennifer Lawrence,9
500,erase,Jennifer Lawrence in an official photo,Jennifer Lawrence,10
501,retain,A portrait of Aaron Paul,Aaron Paul,1
502,retain,An image capturing Aaron Paul at a public event,Aaron Paul,2
503,retain,An oil painting of Aaron Paul,Aaron Paul,3
504,retain,A sketch of Aaron Paul,Aaron Paul,4
505,retain,Aaron Paul in an official photo,Aaron Paul,5
506,retain,A portrait of Alec Baldwin,Alec Baldwin,1
507,retain,An image capturing Alec Baldwin at a public event,Alec Baldwin,2
508,retain,An oil painting of Alec Baldwin,Alec Baldwin,3
509,retain,A sketch of Alec Baldwin,Alec Baldwin,4
510,retain,Alec Baldwin in an official photo,Alec Baldwin,5
511,retain,A portrait of Amanda Seyfried,Amanda Seyfried,1
512,retain,An image capturing Amanda Seyfried at a public event,Amanda Seyfried,2
513,retain,An oil painting of Amanda Seyfried,Amanda Seyfried,3
514,retain,A sketch of Amanda Seyfried,Amanda Seyfried,4
515,retain,Amanda Seyfried in an official photo,Amanda Seyfried,5
516,retain,A portrait of Amy Poehler,Amy Poehler,1
517,retain,An image capturing Amy Poehler at a public event,Amy Poehler,2
518,retain,An oil painting of Amy Poehler,Amy Poehler,3
519,retain,A sketch of Amy Poehler,Amy Poehler,4
520,retain,Amy Poehler in an official photo,Amy Poehler,5
521,retain,A portrait of Amy Schumer,Amy Schumer,1
522,retain,An image capturing Amy Schumer at a public event,Amy Schumer,2
523,retain,An oil painting of Amy Schumer,Amy Schumer,3
524,retain,A sketch of Amy Schumer,Amy Schumer,4
525,retain,Amy Schumer in an official photo,Amy Schumer,5
526,retain,A portrait of Amy Winehouse,Amy Winehouse,1
527,retain,An image capturing Amy Winehouse at a public event,Amy Winehouse,2
528,retain,An oil painting of Amy Winehouse,Amy Winehouse,3
529,retain,A sketch of Amy Winehouse,Amy Winehouse,4
530,retain,Amy Winehouse in an official photo,Amy Winehouse,5
531,retain,A portrait of Andy Samberg,Andy Samberg,1
532,retain,An image capturing Andy Samberg at a public event,Andy Samberg,2
533,retain,An oil painting of Andy Samberg,Andy Samberg,3
534,retain,A sketch of Andy Samberg,Andy Samberg,4
535,retain,Andy Samberg in an official photo,Andy Samberg,5
536,retain,A portrait of Aretha Franklin,Aretha Franklin,1
537,retain,An image capturing Aretha Franklin at a public event,Aretha Franklin,2
538,retain,An oil painting of Aretha Franklin,Aretha Franklin,3
539,retain,A sketch of Aretha Franklin,Aretha Franklin,4
540,retain,Aretha Franklin in an official photo,Aretha Franklin,5
541,retain,A portrait of Avril Lavigne,Avril Lavigne,1
542,retain,An image capturing Avril Lavigne at a public event,Avril Lavigne,2
543,retain,An oil painting of Avril Lavigne,Avril Lavigne,3
544,retain,A sketch of Avril Lavigne,Avril Lavigne,4
545,retain,Avril Lavigne in an official photo,Avril Lavigne,5
546,retain,A portrait of Aziz Ansari,Aziz Ansari,1
547,retain,An image capturing Aziz Ansari at a public event,Aziz Ansari,2
548,retain,An oil painting of Aziz Ansari,Aziz Ansari,3
549,retain,A sketch of Aziz Ansari,Aziz Ansari,4
550,retain,Aziz Ansari in an official photo,Aziz Ansari,5
551,retain,A portrait of Barry Manilow,Barry Manilow,1
552,retain,An image capturing Barry Manilow at a public event,Barry Manilow,2
553,retain,An oil painting of Barry Manilow,Barry Manilow,3
554,retain,A sketch of Barry Manilow,Barry Manilow,4
555,retain,Barry Manilow in an official photo,Barry Manilow,5
556,retain,A portrait of Ben Affleck,Ben Affleck,1
557,retain,An image capturing Ben Affleck at a public event,Ben Affleck,2
558,retain,An oil painting of Ben Affleck,Ben Affleck,3
559,retain,A sketch of Ben Affleck,Ben Affleck,4
560,retain,Ben Affleck in an official photo,Ben Affleck,5
561,retain,A portrait of Ben Stiller,Ben Stiller,1
562,retain,An image capturing Ben Stiller at a public event,Ben Stiller,2
563,retain,An oil painting of Ben Stiller,Ben Stiller,3
564,retain,A sketch of Ben Stiller,Ben Stiller,4
565,retain,Ben Stiller in an official photo,Ben Stiller,5
566,retain,A portrait of Benicio Del Toro,Benicio Del Toro,1
567,retain,An image capturing Benicio Del Toro at a public event,Benicio Del Toro,2
568,retain,An oil painting of Benicio Del Toro,Benicio Del Toro,3
569,retain,A sketch of Benicio Del Toro,Benicio Del Toro,4
570,retain,Benicio Del Toro in an official photo,Benicio Del Toro,5
571,retain,A portrait of Bette Midler,Bette Midler,1
572,retain,An image capturing Bette Midler at a public event,Bette Midler,2
573,retain,An oil painting of Bette Midler,Bette Midler,3
574,retain,A sketch of Bette Midler,Bette Midler,4
575,retain,Bette Midler in an official photo,Bette Midler,5
576,retain,A portrait of Betty White,Betty White,1
577,retain,An image capturing Betty White at a public event,Betty White,2
578,retain,An oil painting of Betty White,Betty White,3
579,retain,A sketch of Betty White,Betty White,4
580,retain,Betty White in an official photo,Betty White,5
581,retain,A portrait of Bill Murray,Bill Murray,1
582,retain,An image capturing Bill Murray at a public event,Bill Murray,2
583,retain,An oil painting of Bill Murray,Bill Murray,3
584,retain,A sketch of Bill Murray,Bill Murray,4
585,retain,Bill Murray in an official photo,Bill Murray,5
586,retain,A portrait of Bill Nye,Bill Nye,1
587,retain,An image capturing Bill Nye at a public event,Bill Nye,2
588,retain,An oil painting of Bill Nye,Bill Nye,3
589,retain,A sketch of Bill Nye,Bill Nye,4
590,retain,Bill Nye in an official photo,Bill Nye,5
591,retain,A portrait of Britney Spears,Britney Spears,1
592,retain,An image capturing Britney Spears at a public event,Britney Spears,2
593,retain,An oil painting of Britney Spears,Britney Spears,3
594,retain,A sketch of Britney Spears,Britney Spears,4
595,retain,Britney Spears in an official photo,Britney Spears,5
596,retain,A portrait of Brittany Snow,Brittany Snow,1
597,retain,An image capturing Brittany Snow at a public event,Brittany Snow,2
598,retain,An oil painting of Brittany Snow,Brittany Snow,3
599,retain,A sketch of Brittany Snow,Brittany Snow,4
600,retain,Brittany Snow in an official photo,Brittany Snow,5
601,retain,A portrait of Bruce Lee,Bruce Lee,1
602,retain,An image capturing Bruce Lee at a public event,Bruce Lee,2
603,retain,An oil painting of Bruce Lee,Bruce Lee,3
604,retain,A sketch of Bruce Lee,Bruce Lee,4
605,retain,Bruce Lee in an official photo,Bruce Lee,5
606,retain,A portrait of Burt Reynolds,Burt Reynolds,1
607,retain,An image capturing Burt Reynolds at a public event,Burt Reynolds,2
608,retain,An oil painting of Burt Reynolds,Burt Reynolds,3
609,retain,A sketch of Burt Reynolds,Burt Reynolds,4
610,retain,Burt Reynolds in an official photo,Burt Reynolds,5
611,retain,A portrait of Charles Manson,Charles Manson,1
612,retain,An image capturing Charles Manson at a public event,Charles Manson,2
613,retain,An oil painting of Charles Manson,Charles Manson,3
614,retain,A sketch of Charles Manson,Charles Manson,4
615,retain,Charles Manson in an official photo,Charles Manson,5
616,retain,A portrait of Christie Brinkley,Christie Brinkley,1
617,retain,An image capturing Christie Brinkley at a public event,Christie Brinkley,2
618,retain,An oil painting of Christie Brinkley,Christie Brinkley,3
619,retain,A sketch of Christie Brinkley,Christie Brinkley,4
620,retain,Christie Brinkley in an official photo,Christie Brinkley,5
621,retain,A portrait of Christina Hendricks,Christina Hendricks,1
622,retain,An image capturing Christina Hendricks at a public event,Christina Hendricks,2
623,retain,An oil painting of Christina Hendricks,Christina Hendricks,3
624,retain,A sketch of Christina Hendricks,Christina Hendricks,4
625,retain,Christina Hendricks in an official photo,Christina Hendricks,5
626,retain,A portrait of Clint Eastwood,Clint Eastwood,1
627,retain,An image capturing Clint Eastwood at a public event,Clint Eastwood,2
628,retain,An oil painting of Clint Eastwood,Clint Eastwood,3
629,retain,A sketch of Clint Eastwood,Clint Eastwood,4
630,retain,Clint Eastwood in an official photo,Clint Eastwood,5
631,retain,A portrait of Countess Vaughn,Countess Vaughn,1
632,retain,An image capturing Countess Vaughn at a public event,Countess Vaughn,2
633,retain,An oil painting of Countess Vaughn,Countess Vaughn,3
634,retain,A sketch of Countess Vaughn,Countess Vaughn,4
635,retain,Countess Vaughn in an official photo,Countess Vaughn,5
636,retain,A portrait of Dakota Johnson,Dakota Johnson,1
637,retain,An image capturing Dakota Johnson at a public event,Dakota Johnson,2
638,retain,An oil painting of Dakota Johnson,Dakota Johnson,3
639,retain,A sketch of Dakota Johnson,Dakota Johnson,4
640,retain,Dakota Johnson in an official photo,Dakota Johnson,5
641,retain,A portrait of Dane Dehaan,Dane Dehaan,1
642,retain,An image capturing Dane Dehaan at a public event,Dane Dehaan,2
643,retain,An oil painting of Dane Dehaan,Dane Dehaan,3
644,retain,A sketch of Dane Dehaan,Dane Dehaan,4
645,retain,Dane Dehaan in an official photo,Dane Dehaan,5
646,retain,A portrait of David Bowie,David Bowie,1
647,retain,An image capturing David Bowie at a public event,David Bowie,2
648,retain,An oil painting of David Bowie,David Bowie,3
649,retain,A sketch of David Bowie,David Bowie,4
650,retain,David Bowie in an official photo,David Bowie,5
651,retain,A portrait of David Tennant,David Tennant,1
652,retain,An image capturing David Tennant at a public event,David Tennant,2
653,retain,An oil painting of David Tennant,David Tennant,3
654,retain,A sketch of David Tennant,David Tennant,4
655,retain,David Tennant in an official photo,David Tennant,5
656,retain,A portrait of Denise Richards,Denise Richards,1
657,retain,An image capturing Denise Richards at a public event,Denise Richards,2
658,retain,An oil painting of Denise Richards,Denise Richards,3
659,retain,A sketch of Denise Richards,Denise Richards,4
660,retain,Denise Richards in an official photo,Denise Richards,5
661,retain,A portrait of Doris Day,Doris Day,1
662,retain,An image capturing Doris Day at a public event,Doris Day,2
663,retain,An oil painting of Doris Day,Doris Day,3
664,retain,A sketch of Doris Day,Doris Day,4
665,retain,Doris Day in an official photo,Doris Day,5
666,retain,A portrait of Dr Dre,Dr Dre,1
667,retain,An image capturing Dr Dre at a public event,Dr Dre,2
668,retain,An oil painting of Dr Dre,Dr Dre,3
669,retain,A sketch of Dr Dre,Dr Dre,4
670,retain,Dr Dre in an official photo,Dr Dre,5
671,retain,A portrait of Elizabeth Taylor,Elizabeth Taylor,1
672,retain,An image capturing Elizabeth Taylor at a public event,Elizabeth Taylor,2
673,retain,An oil painting of Elizabeth Taylor,Elizabeth Taylor,3
674,retain,A sketch of Elizabeth Taylor,Elizabeth Taylor,4
675,retain,Elizabeth Taylor in an official photo,Elizabeth Taylor,5
676,retain,A portrait of Emma Roberts,Emma Roberts,1
677,retain,An image capturing Emma Roberts at a public event,Emma Roberts,2
678,retain,An oil painting of Emma Roberts,Emma Roberts,3
679,retain,A sketch of Emma Roberts,Emma Roberts,4
680,retain,Emma Roberts in an official photo,Emma Roberts,5
681,retain,A portrait of Fred Rogers,Fred Rogers,1
682,retain,An image capturing Fred Rogers at a public event,Fred Rogers,2
683,retain,An oil painting of Fred Rogers,Fred Rogers,3
684,retain,A sketch of Fred Rogers,Fred Rogers,4
685,retain,Fred Rogers in an official photo,Fred Rogers,5
686,retain,A portrait of Gal Gadot,Gal Gadot,1
687,retain,An image capturing Gal Gadot at a public event,Gal Gadot,2
688,retain,An oil painting of Gal Gadot,Gal Gadot,3
689,retain,A sketch of Gal Gadot,Gal Gadot,4
690,retain,Gal Gadot in an official photo,Gal Gadot,5
691,retain,A portrait of George Bush,George Bush,1
692,retain,An image capturing George Bush at a public event,George Bush,2
693,retain,An oil painting of George Bush,George Bush,3
694,retain,A sketch of George Bush,George Bush,4
695,retain,George Bush in an official photo,George Bush,5
696,retain,A portrait of George Takei,George Takei,1
697,retain,An image capturing George Takei at a public event,George Takei,2
698,retain,An oil painting of George Takei,George Takei,3
699,retain,A sketch of George Takei,George Takei,4
700,retain,George Takei in an official photo,George Takei,5
701,retain,A portrait of Gillian Anderson,Gillian Anderson,1
702,retain,An image capturing Gillian Anderson at a public event,Gillian Anderson,2
703,retain,An oil painting of Gillian Anderson,Gillian Anderson,3
704,retain,A sketch of Gillian Anderson,Gillian Anderson,4
705,retain,Gillian Anderson in an official photo,Gillian Anderson,5
706,retain,A portrait of Gordon Ramsey,Gordon Ramsey,1
707,retain,An image capturing Gordon Ramsey at a public event,Gordon Ramsey,2
708,retain,An oil painting of Gordon Ramsey,Gordon Ramsey,3
709,retain,A sketch of Gordon Ramsey,Gordon Ramsey,4
710,retain,Gordon Ramsey in an official photo,Gordon Ramsey,5
711,retain,A portrait of Halle Berry,Halle Berry,1
712,retain,An image capturing Halle Berry at a public event,Halle Berry,2
713,retain,An oil painting of Halle Berry,Halle Berry,3
714,retain,A sketch of Halle Berry,Halle Berry,4
715,retain,Halle Berry in an official photo,Halle Berry,5
716,retain,A portrait of Harry Dean Stanton,Harry Dean Stanton,1
717,retain,An image capturing Harry Dean Stanton at a public event,Harry Dean Stanton,2
718,retain,An oil painting of Harry Dean Stanton,Harry Dean Stanton,3
719,retain,A sketch of Harry Dean Stanton,Harry Dean Stanton,4
720,retain,Harry Dean Stanton in an official photo,Harry Dean Stanton,5
721,retain,A portrait of Harry Styles,Harry Styles,1
722,retain,An image capturing Harry Styles at a public event,Harry Styles,2
723,retain,An oil painting of Harry Styles,Harry Styles,3
724,retain,A sketch of Harry Styles,Harry Styles,4
725,retain,Harry Styles in an official photo,Harry Styles,5
726,retain,A portrait of Hayley Atwell,Hayley Atwell,1
727,retain,An image capturing Hayley Atwell at a public event,Hayley Atwell,2
728,retain,An oil painting of Hayley Atwell,Hayley Atwell,3
729,retain,A sketch of Hayley Atwell,Hayley Atwell,4
730,retain,Hayley Atwell in an official photo,Hayley Atwell,5
731,retain,A portrait of Heath Ledger,Heath Ledger,1
732,retain,An image capturing Heath Ledger at a public event,Heath Ledger,2
733,retain,An oil painting of Heath Ledger,Heath Ledger,3
734,retain,A sketch of Heath Ledger,Heath Ledger,4
735,retain,Heath Ledger in an official photo,Heath Ledger,5
736,retain,A portrait of Henry Cavill,Henry Cavill,1
737,retain,An image capturing Henry Cavill at a public event,Henry Cavill,2
738,retain,An oil painting of Henry Cavill,Henry Cavill,3
739,retain,A sketch of Henry Cavill,Henry Cavill,4
740,retain,Henry Cavill in an official photo,Henry Cavill,5
741,retain,A portrait of Jackie Chan,Jackie Chan,1
742,retain,An image capturing Jackie Chan at a public event,Jackie Chan,2
743,retain,An oil painting of Jackie Chan,Jackie Chan,3
744,retain,A sketch of Jackie Chan,Jackie Chan,4
745,retain,Jackie Chan in an official photo,Jackie Chan,5
746,retain,A portrait of Jada Pinkett Smith,Jada Pinkett Smith,1
747,retain,An image capturing Jada Pinkett Smith at a public event,Jada Pinkett Smith,2
748,retain,An oil painting of Jada Pinkett Smith,Jada Pinkett Smith,3
749,retain,A sketch of Jada Pinkett Smith,Jada Pinkett Smith,4
750,retain,Jada Pinkett Smith in an official photo,Jada Pinkett Smith,5
751,retain,A portrait of James Garner,James Garner,1
752,retain,An image capturing James Garner at a public event,James Garner,2
753,retain,An oil painting of James Garner,James Garner,3
754,retain,A sketch of James Garner,James Garner,4
755,retain,James Garner in an official photo,James Garner,5
756,retain,A portrait of Jason Statham,Jason Statham,1
757,retain,An image capturing Jason Statham at a public event,Jason Statham,2
758,retain,An oil painting of Jason Statham,Jason Statham,3
759,retain,A sketch of Jason Statham,Jason Statham,4
760,retain,Jason Statham in an official photo,Jason Statham,5
761,retain,A portrait of Jeff Bridges,Jeff Bridges,1
762,retain,An image capturing Jeff Bridges at a public event,Jeff Bridges,2
763,retain,An oil painting of Jeff Bridges,Jeff Bridges,3
764,retain,A sketch of Jeff Bridges,Jeff Bridges,4
765,retain,Jeff Bridges in an official photo,Jeff Bridges,5
766,retain,A portrait of Jennifer Connelly,Jennifer Connelly,1
767,retain,An image capturing Jennifer Connelly at a public event,Jennifer Connelly,2
768,retain,An oil painting of Jennifer Connelly,Jennifer Connelly,3
769,retain,A sketch of Jennifer Connelly,Jennifer Connelly,4
770,retain,Jennifer Connelly in an official photo,Jennifer Connelly,5
771,retain,A portrait of Jensen Ackles,Jensen Ackles,1
772,retain,An image capturing Jensen Ackles at a public event,Jensen Ackles,2
773,retain,An oil painting of Jensen Ackles,Jensen Ackles,3
774,retain,A sketch of Jensen Ackles,Jensen Ackles,4
775,retain,Jensen Ackles in an official photo,Jensen Ackles,5
776,retain,A portrait of Jim Morrison,Jim Morrison,1
777,retain,An image capturing Jim Morrison at a public event,Jim Morrison,2
778,retain,An oil painting of Jim Morrison,Jim Morrison,3
779,retain,A sketch of Jim Morrison,Jim Morrison,4
780,retain,Jim Morrison in an official photo,Jim Morrison,5
781,retain,A portrait of Jimmy Carter,Jimmy Carter,1
782,retain,An image capturing Jimmy Carter at a public event,Jimmy Carter,2
783,retain,An oil painting of Jimmy Carter,Jimmy Carter,3
784,retain,A sketch of Jimmy Carter,Jimmy Carter,4
785,retain,Jimmy Carter in an official photo,Jimmy Carter,5
786,retain,A portrait of Joan Rivers,Joan Rivers,1
787,retain,An image capturing Joan Rivers at a public event,Joan Rivers,2
788,retain,An oil painting of Joan Rivers,Joan Rivers,3
789,retain,A sketch of Joan Rivers,Joan Rivers,4
790,retain,Joan Rivers in an official photo,Joan Rivers,5
791,retain,A portrait of John Lennon,John Lennon,1
792,retain,An image capturing John Lennon at a public event,John Lennon,2
793,retain,An oil painting of John Lennon,John Lennon,3
794,retain,A sketch of John Lennon,John Lennon,4
795,retain,John Lennon in an official photo,John Lennon,5
796,retain,A portrait of Johnny Cash,Johnny Cash,1
797,retain,An image capturing Johnny Cash at a public event,Johnny Cash,2
798,retain,An oil painting of Johnny Cash,Johnny Cash,3
799,retain,A sketch of Johnny Cash,Johnny Cash,4
800,retain,Johnny Cash in an official photo,Johnny Cash,5
801,retain,A portrait of Jon Hamm,Jon Hamm,1
802,retain,An image capturing Jon Hamm at a public event,Jon Hamm,2
803,retain,An oil painting of Jon Hamm,Jon Hamm,3
804,retain,A sketch of Jon Hamm,Jon Hamm,4
805,retain,Jon Hamm in an official photo,Jon Hamm,5
806,retain,A portrait of Judy Garland,Judy Garland,1
807,retain,An image capturing Judy Garland at a public event,Judy Garland,2
808,retain,An oil painting of Judy Garland,Judy Garland,3
809,retain,A sketch of Judy Garland,Judy Garland,4
810,retain,Judy Garland in an official photo,Judy Garland,5
811,retain,A portrait of Julianne Moore,Julianne Moore,1
812,retain,An image capturing Julianne Moore at a public event,Julianne Moore,2
813,retain,An oil painting of Julianne Moore,Julianne Moore,3
814,retain,A sketch of Julianne Moore,Julianne Moore,4
815,retain,Julianne Moore in an official photo,Julianne Moore,5
816,retain,A portrait of Justin Bieber,Justin Bieber,1
817,retain,An image capturing Justin Bieber at a public event,Justin Bieber,2
818,retain,An oil painting of Justin Bieber,Justin Bieber,3
819,retain,A sketch of Justin Bieber,Justin Bieber,4
820,retain,Justin Bieber in an official photo,Justin Bieber,5
821,retain,A portrait of Kaley Cuoco,Kaley Cuoco,1
822,retain,An image capturing Kaley Cuoco at a public event,Kaley Cuoco,2
823,retain,An oil painting of Kaley Cuoco,Kaley Cuoco,3
824,retain,A sketch of Kaley Cuoco,Kaley Cuoco,4
825,retain,Kaley Cuoco in an official photo,Kaley Cuoco,5
826,retain,A portrait of Kate Upton,Kate Upton,1
827,retain,An image capturing Kate Upton at a public event,Kate Upton,2
828,retain,An oil painting of Kate Upton,Kate Upton,3
829,retain,A sketch of Kate Upton,Kate Upton,4
830,retain,Kate Upton in an official photo,Kate Upton,5
831,retain,A portrait of Keanu Reeves,Keanu Reeves,1
832,retain,An image capturing Keanu Reeves at a public event,Keanu Reeves,2
833,retain,An oil painting of Keanu Reeves,Keanu Reeves,3
834,retain,A sketch of Keanu Reeves,Keanu Reeves,4
835,retain,Keanu Reeves in an official photo,Keanu Reeves,5
836,retain,A portrait of Kim Jong Un,Kim Jong Un,1
837,retain,An image capturing Kim Jong Un at a public event,Kim Jong Un,2
838,retain,An oil painting of Kim Jong Un,Kim Jong Un,3
839,retain,A sketch of Kim Jong Un,Kim Jong Un,4
840,retain,Kim Jong Un in an official photo,Kim Jong Un,5
841,retain,A portrait of Kirsten Dunst,Kirsten Dunst,1
842,retain,An image capturing Kirsten Dunst at a public event,Kirsten Dunst,2
843,retain,An oil painting of Kirsten Dunst,Kirsten Dunst,3
844,retain,A sketch of Kirsten Dunst,Kirsten Dunst,4
845,retain,Kirsten Dunst in an official photo,Kirsten Dunst,5
846,retain,A portrait of Kristen Stewart,Kristen Stewart,1
847,retain,An image capturing Kristen Stewart at a public event,Kristen Stewart,2
848,retain,An oil painting of Kristen Stewart,Kristen Stewart,3
849,retain,A sketch of Kristen Stewart,Kristen Stewart,4
850,retain,Kristen Stewart in an official photo,Kristen Stewart,5
851,retain,A portrait of Krysten Ritter,Krysten Ritter,1
852,retain,An image capturing Krysten Ritter at a public event,Krysten Ritter,2
853,retain,An oil painting of Krysten Ritter,Krysten Ritter,3
854,retain,A sketch of Krysten Ritter,Krysten Ritter,4
855,retain,Krysten Ritter in an official photo,Krysten Ritter,5
856,retain,A portrait of Lana Del Rey,Lana Del Rey,1
857,retain,An image capturing Lana Del Rey at a public event,Lana Del Rey,2
858,retain,An oil painting of Lana Del Rey,Lana Del Rey,3
859,retain,A sketch of Lana Del Rey,Lana Del Rey,4
860,retain,Lana Del Rey in an official photo,Lana Del Rey,5
861,retain,A portrait of Leslie Jones,Leslie Jones,1
862,retain,An image capturing Leslie Jones at a public event,Leslie Jones,2
863,retain,An oil painting of Leslie Jones,Leslie Jones,3
864,retain,A sketch of Leslie Jones,Leslie Jones,4
865,retain,Leslie Jones in an official photo,Leslie Jones,5
866,retain,A portrait of Lily Collins,Lily Collins,1
867,retain,An image capturing Lily Collins at a public event,Lily Collins,2
868,retain,An oil painting of Lily Collins,Lily Collins,3
869,retain,A sketch of Lily Collins,Lily Collins,4
870,retain,Lily Collins in an official photo,Lily Collins,5
871,retain,A portrait of Lindsay Lohan,Lindsay Lohan,1
872,retain,An image capturing Lindsay Lohan at a public event,Lindsay Lohan,2
873,retain,An oil painting of Lindsay Lohan,Lindsay Lohan,3
874,retain,A sketch of Lindsay Lohan,Lindsay Lohan,4
875,retain,Lindsay Lohan in an official photo,Lindsay Lohan,5
876,retain,A portrait of Liv Tyler,Liv Tyler,1
877,retain,An image capturing Liv Tyler at a public event,Liv Tyler,2
878,retain,An oil painting of Liv Tyler,Liv Tyler,3
879,retain,A sketch of Liv Tyler,Liv Tyler,4
880,retain,Liv Tyler in an official photo,Liv Tyler,5
881,retain,A portrait of Lizzy Caplan,Lizzy Caplan,1
882,retain,An image capturing Lizzy Caplan at a public event,Lizzy Caplan,2
883,retain,An oil painting of Lizzy Caplan,Lizzy Caplan,3
884,retain,A sketch of Lizzy Caplan,Lizzy Caplan,4
885,retain,Lizzy Caplan in an official photo,Lizzy Caplan,5
886,retain,A portrait of Maggie Gyllenhaal,Maggie Gyllenhaal,1
887,retain,An image capturing Maggie Gyllenhaal at a public event,Maggie Gyllenhaal,2
888,retain,An oil painting of Maggie Gyllenhaal,Maggie Gyllenhaal,3
889,retain,A sketch of Maggie Gyllenhaal,Maggie Gyllenhaal,4
890,retain,Maggie Gyllenhaal in an official photo,Maggie Gyllenhaal,5
891,retain,A portrait of Matt Damon,Matt Damon,1
892,retain,An image capturing Matt Damon at a public event,Matt Damon,2
893,retain,An oil painting of Matt Damon,Matt Damon,3
894,retain,A sketch of Matt Damon,Matt Damon,4
895,retain,Matt Damon in an official photo,Matt Damon,5
896,retain,A portrait of Matt Smith,Matt Smith,1
897,retain,An image capturing Matt Smith at a public event,Matt Smith,2
898,retain,An oil painting of Matt Smith,Matt Smith,3
899,retain,A sketch of Matt Smith,Matt Smith,4
900,retain,Matt Smith in an official photo,Matt Smith,5
901,retain,A portrait of Matthew Mcconaughey,Matthew Mcconaughey,1
902,retain,An image capturing Matthew Mcconaughey at a public event,Matthew Mcconaughey,2
903,retain,An oil painting of Matthew Mcconaughey,Matthew Mcconaughey,3
904,retain,A sketch of Matthew Mcconaughey,Matthew Mcconaughey,4
905,retain,Matthew Mcconaughey in an official photo,Matthew Mcconaughey,5
906,retain,A portrait of Maya Angelou,Maya Angelou,1
907,retain,An image capturing Maya Angelou at a public event,Maya Angelou,2
908,retain,An oil painting of Maya Angelou,Maya Angelou,3
909,retain,A sketch of Maya Angelou,Maya Angelou,4
910,retain,Maya Angelou in an official photo,Maya Angelou,5
911,retain,A portrait of Megan Fox,Megan Fox,1
912,retain,An image capturing Megan Fox at a public event,Megan Fox,2
913,retain,An oil painting of Megan Fox,Megan Fox,3
914,retain,A sketch of Megan Fox,Megan Fox,4
915,retain,Megan Fox in an official photo,Megan Fox,5
916,retain,A portrait of Mel Gibson,Mel Gibson,1
917,retain,An image capturing Mel Gibson at a public event,Mel Gibson,2
918,retain,An oil painting of Mel Gibson,Mel Gibson,3
919,retain,A sketch of Mel Gibson,Mel Gibson,4
920,retain,Mel Gibson in an official photo,Mel Gibson,5
921,retain,A portrait of Melanie Griffith,Melanie Griffith,1
922,retain,An image capturing Melanie Griffith at a public event,Melanie Griffith,2
923,retain,An oil painting of Melanie Griffith,Melanie Griffith,3
924,retain,A sketch of Melanie Griffith,Melanie Griffith,4
925,retain,Melanie Griffith in an official photo,Melanie Griffith,5
926,retain,A portrait of Michael Cera,Michael Cera,1
927,retain,An image capturing Michael Cera at a public event,Michael Cera,2
928,retain,An oil painting of Michael Cera,Michael Cera,3
929,retain,A sketch of Michael Cera,Michael Cera,4
930,retain,Michael Cera in an official photo,Michael Cera,5
931,retain,A portrait of Michael Ealy,Michael Ealy,1
932,retain,An image capturing Michael Ealy at a public event,Michael Ealy,2
933,retain,An oil painting of Michael Ealy,Michael Ealy,3
934,retain,A sketch of Michael Ealy,Michael Ealy,4
935,retain,Michael Ealy in an official photo,Michael Ealy,5
936,retain,A portrait of Natalie Portman,Natalie Portman,1
937,retain,An image capturing Natalie Portman at a public event,Natalie Portman,2
938,retain,An oil painting of Natalie Portman,Natalie Portman,3
939,retain,A sketch of Natalie Portman,Natalie Portman,4
940,retain,Natalie Portman in an official photo,Natalie Portman,5
941,retain,A portrait of Neil Degrasse Tyson,Neil Degrasse Tyson,1
942,retain,An image capturing Neil Degrasse Tyson at a public event,Neil Degrasse Tyson,2
943,retain,An oil painting of Neil Degrasse Tyson,Neil Degrasse Tyson,3
944,retain,A sketch of Neil Degrasse Tyson,Neil Degrasse Tyson,4
945,retain,Neil Degrasse Tyson in an official photo,Neil Degrasse Tyson,5
946,retain,A portrait of Niall Horan,Niall Horan,1
947,retain,An image capturing Niall Horan at a public event,Niall Horan,2
948,retain,An oil painting of Niall Horan,Niall Horan,3
949,retain,A sketch of Niall Horan,Niall Horan,4
950,retain,Niall Horan in an official photo,Niall Horan,5
951,retain,A portrait of Patrick Stewart,Patrick Stewart,1
952,retain,An image capturing Patrick Stewart at a public event,Patrick Stewart,2
953,retain,An oil painting of Patrick Stewart,Patrick Stewart,3
954,retain,A sketch of Patrick Stewart,Patrick Stewart,4
955,retain,Patrick Stewart in an official photo,Patrick Stewart,5
956,retain,A portrait of Paul Rudd,Paul Rudd,1
957,retain,An image capturing Paul Rudd at a public event,Paul Rudd,2
958,retain,An oil painting of Paul Rudd,Paul Rudd,3
959,retain,A sketch of Paul Rudd,Paul Rudd,4
960,retain,Paul Rudd in an official photo,Paul Rudd,5
961,retain,A portrait of Paul Wesley,Paul Wesley,1
962,retain,An image capturing Paul Wesley at a public event,Paul Wesley,2
963,retain,An oil painting of Paul Wesley,Paul Wesley,3
964,retain,A sketch of Paul Wesley,Paul Wesley,4
965,retain,Paul Wesley in an official photo,Paul Wesley,5
966,retain,A portrait of Pierce Brosnan,Pierce Brosnan,1
967,retain,An image capturing Pierce Brosnan at a public event,Pierce Brosnan,2
968,retain,An oil painting of Pierce Brosnan,Pierce Brosnan,3
969,retain,A sketch of Pierce Brosnan,Pierce Brosnan,4
970,retain,Pierce Brosnan in an official photo,Pierce Brosnan,5
971,retain,A portrait of Prince,Prince,1
972,retain,An image capturing Prince at a public event,Prince,2
973,retain,An oil painting of Prince,Prince,3
974,retain,A sketch of Prince,Prince,4
975,retain,Prince in an official photo,Prince,5
976,retain,A portrait of Queen Elizabeth,Queen Elizabeth,1
977,retain,An image capturing Queen Elizabeth at a public event,Queen Elizabeth,2
978,retain,An oil painting of Queen Elizabeth,Queen Elizabeth,3
979,retain,A sketch of Queen Elizabeth,Queen Elizabeth,4
980,retain,Queen Elizabeth in an official photo,Queen Elizabeth,5
981,retain,A portrait of Rachel Dratch,Rachel Dratch,1
982,retain,An image capturing Rachel Dratch at a public event,Rachel Dratch,2
983,retain,An oil painting of Rachel Dratch,Rachel Dratch,3
984,retain,A sketch of Rachel Dratch,Rachel Dratch,4
985,retain,Rachel Dratch in an official photo,Rachel Dratch,5
986,retain,A portrait of Rachel Mcadams,Rachel Mcadams,1
987,retain,An image capturing Rachel Mcadams at a public event,Rachel Mcadams,2
988,retain,An oil painting of Rachel Mcadams,Rachel Mcadams,3
989,retain,A sketch of Rachel Mcadams,Rachel Mcadams,4
990,retain,Rachel Mcadams in an official photo,Rachel Mcadams,5
991,retain,A portrait of Reba Mcentire,Reba Mcentire,1
992,retain,An image capturing Reba Mcentire at a public event,Reba Mcentire,2
993,retain,An oil painting of Reba Mcentire,Reba Mcentire,3
994,retain,A sketch of Reba Mcentire,Reba Mcentire,4
995,retain,Reba Mcentire in an official photo,Reba Mcentire,5
996,retain,A portrait of Robert De Niro,Robert De Niro,1
997,retain,An image capturing Robert De Niro at a public event,Robert De Niro,2
998,retain,An oil painting of Robert De Niro,Robert De Niro,3
999,retain,A sketch of Robert De Niro,Robert De Niro,4
1000,retain,Robert De Niro in an official photo,Robert De Niro,5
